{
  "accuracy": [
    0.19363057613372803,
    0.0625,
    0.246651753783226,
    0.1875,
    0.28287139534950256,
    0.4375,
    0.32108795642852783,
    0.3125,
    0.33448097109794617,
    0.5625,
    0.3517645001411438,
    0.3125,
    0.40375280380249023,
    0.5,
    0.4264761507511139
  ],
  "loss": [
    2.283768892288208,
    1.3998794555664062,
    1.8430856466293335,
    1.6200659275054932,
    1.6550240516662598,
    0.9577369093894958,
    1.4262186288833618,
    0.8030813932418823,
    1.3912442922592163,
    1.549668550491333,
    1.2508821487426758,
    1.213956594467163,
    0.9408398270606995,
    0.715843915939331,
    0.8196486830711365
  ],
  "val_accuracy": [
    0.12555187940597534,
    0.13010485470294952,
    0.06512141227722168,
    0.06567329168319702,
    0.24820640683174133,
    0.247654527425766,
    0.24710264801979065,
    0.251655638217926,
    0.30270418524742126,
    0.30918875336647034,
    0.2669701874256134,
    0.26710817217826843,
    0.3876931667327881,
    0.38714128732681274,
    0.42066776752471924
  ],
  "val_loss": [
    3.4203577041625977,
    3.3687455654144287,
    4.260469436645508,
    4.235890865325928,
    3.089425563812256,
    3.0825047492980957,
    3.0262885093688965,
    3.0097744464874268,
    4.279802322387695,
    4.236515522003174,
    3.9999821186065674,
    3.9960052967071533,
    3.7021279335021973,
    3.7154226303100586,
    3.75663685798645
  ],
  "learning_rate": [
    0.0010000000474974513,
    0.0010000000474974513,
    0.0010000000474974513,
    0.0010000000474974513,
    0.0010000000474974513,
    0.0010000000474974513,
    0.0010000000474974513,
    0.0010000000474974513,
    0.0010000000474974513,
    0.0010000000474974513,
    0.0010000000474974513,
    0.00020000000949949026,
    0.00020000000949949026,
    0.00020000000949949026,
    9.999999747378752e-05
  ]
}